utilisateur,film
Kanto,Avengers
Kanto,Titanic
Kanto,Avatar
Kanto,Fast & Furious
Jean,Avengers
Jean,Spider-Man
Jean,John Wick
Miora,Titanic
Miora,Avatar
Miora,Spider-Man
Miora,La La Land
Hery,Avengers
Hery,Avatar
Hery,Fast & Furious
Hery,John Wick
Sarah,Titanic
Sarah,Spider-Man
Sarah,La La Land
Fanja,Avengers
Fanja,Spider-Man
Fanja,Fast & Furious
Fanja,John Wick
Tovo,Avatar
Tovo,Titanic
Tovo,La La Land
Nirina,Fast & Furious
Nirina,John Wick
Nirina,Avengers
Voahangy,Titanic
Voahangy,La La Land
Voahangy,Spider-Man
Rado,Avatar
Rado,Avengers
Rado,John Wick
Rado,Fast & Furious
toto,Avengers
toto,Titanic